[
    {
        "id": 1,
        "title": "The Shawshank Redemption",
        "data":[
          {
            "id": 1,
            "name": "Art Deco Home",
            "category": "accessory",
            "price": 100,
            "url": "./assets/images/product-2.jpg"
          },
          {
            "id": 2,
            "name": "Art Deco Home",
            "category": "accessory",
            "price": 100,
            "url": "./assets/images/product-2.jpg"
          }
        ]
    },
     {
        "id": 2,
        "title": "The Shawshank1",
        "data":[
          {
            "id": 1,
            "name": "Art Deco Home",
            "category": "democory",
            "price": 100,
            "url": "./assets/images/product-2.jpg"
          },
          {
            "id": 2,
            "name": "Art Deco Home",
            "category": "decomory",
            "price": 100,
            "url": "./assets/images/product-2.jpg"
          }
        ]
    }
]